{
    "sm*sm": 0.9999999999999999,
    "cHtbIm*sm": -1.5122419227511908e-15,
    "cHtbIm*cHtbIm": 8.04652151434188e-16,
    "cHtbRe*sm": -1.0370647041057558e-15,
    "cHtbRe*cHtbIm": 1.3560972991414884e-15,
    "cHtbRe*cHtbRe": 5.848237310737499e-16,
    "ctGIm*sm": -0.0007657121372443357,
    "ctGIm*cHtbIm": 7.210929390225223e-16,
    "ctGIm*cHtbRe": 1.4970217274245852e-15,
    "ctGIm*ctGIm": 0.09469531769734038,
    "cHt*sm": 0.0002946993077778236,
    "cHt*cHtbIm": 2.3056359968755433e-15,
    "cHt*cHtbRe": 1.0010008540481132e-15,
    "cHt*ctGIm": 1.920894403879522e-06,
    "cHt*cHt": 1.6893098037815173e-05,
    "ctGRe*sm": -0.297676347629235,
    "ctGRe*cHtbIm": 4.964986697609743e-16,
    "ctGRe*cHtbRe": 1.6737815221739813e-16,
    "ctGRe*ctGIm": 4.344327489017533e-05,
    "ctGRe*cHt": -1.7134474070328538e-05,
    "ctGRe*ctGRe": 0.09954371838222272,
    "ctWRe*sm": -0.0021349433441288446,
    "ctWRe*cHtbIm": 1.0370634288485018e-15,
    "ctWRe*cHtbRe": 1.4065466886529872e-15,
    "ctWRe*ctGIm": -0.00013045860431948342,
    "ctWRe*cHt": 8.439952658585436e-05,
    "ctWRe*ctGRe": 0.0004783937422264239,
    "ctWRe*ctWRe": 0.0010456665622711673,
    "ctWIm*sm": 3.896836831330375e-06,
    "ctWIm*cHtbIm": 1.463376402749172e-15,
    "ctWIm*cHtbRe": 1.142762276175592e-15,
    "ctWIm*ctGIm": 0.0004322419320451108,
    "ctWIm*cHt": -8.396647612406729e-07,
    "ctWIm*ctGRe": 0.00012760342644293872,
    "ctWIm*ctWRe": -7.808284975048839e-06,
    "ctWIm*ctWIm": 0.0006808580186437199,
    "ctBIm*sm": 0.00017927282456437312,
    "ctBIm*cHtbIm": 9.390777624794138e-16,
    "ctBIm*cHtbRe": 2.258190050740113e-15,
    "ctBIm*ctGIm": 2.2804472075031234e-05,
    "ctBIm*cHt": 3.193666053356546e-06,
    "ctBIm*ctGRe": -5.5720556556028e-05,
    "ctBIm*ctWRe": -1.0827809534992084e-05,
    "ctBIm*ctWIm": 0.00016311793830068954,
    "ctBIm*ctBIm": 0.000389702057273719,
    "ctBRe*sm": -0.0009882202934231434,
    "ctBRe*cHtbIm": 1.0290480119212995e-15,
    "ctBRe*cHtbRe": 1.3468669871369663e-15,
    "ctBRe*ctGIm": 3.722034195658104e-05,
    "ctBRe*cHt": -1.100473823255064e-05,
    "ctBRe*ctGRe": 4.948335006998461e-05,
    "ctBRe*ctWRe": 0.00016523541925879344,
    "ctBRe*ctWIm": -9.77075420417632e-06,
    "ctBRe*ctBIm": -1.2646673279569557e-05,
    "ctBRe*ctBRe": 0.0004924758705993857
}