{
    "sm*sm": 0.9999999999999999,
    "ctq1*sm": 7.216224562032409e-08,
    "ctq1*ctq1": -4.023595856668218e-09,
    "ctu1*sm": -0.00028397517171625813,
    "ctu1*ctq1": -8.960276572583823e-09,
    "ctu1*ctu1": 0.01589520895624748,
    "ctj8*sm": 0.015226567447965548,
    "ctj8*ctq1": -5.0755722311129185e-09,
    "ctj8*ctu1": -2.1537484367424387e-09,
    "ctj8*ctj8": 0.004515892331811492,
    "ctGRe*sm": -0.3091496350146702,
    "ctGRe*ctq1": -5.450349888671538e-08,
    "ctGRe*ctu1": 0.00022421041136683239,
    "ctGRe*ctj8": -0.0023135572745866654,
    "ctGRe*ctGRe": 0.052401068179402356,
    "ctWRe*sm": -0.0020874205166530884,
    "ctWRe*ctq1": 2.250609500206616e-08,
    "ctWRe*ctu1": 2.7372799869522916e-05,
    "ctWRe*ctj8": 5.319769955196112e-06,
    "ctWRe*ctGRe": 0.00012906821071787393,
    "ctWRe*ctWRe": 0.001186649643213553
}